{
  "name": "my-v0-project",
  "version": "0.1.0",
  "private": true,
  "scripts": {
    "build": "next build",
    "dev": "next dev",
    "lint": "next lint",
    "start": "next start",
    "migrate:sql": "node scripts/migrate.js"
  },
  "dependencies": {
    "@emotion/is-prop-valid": "latest",
    "@hookform/resolvers": "^3.9.1",
    "@radix-ui/react-accordion": "1.2.2",
    "@radix-ui/react-alert-dialog": "1.1.4",
    "@radix-ui/react-aspect-ratio": "1.1.1",
    "@radix-ui/react-avatar": "1.1.2",
    "@radix-ui/react-checkbox": "1.1.3",
    "@radix-ui/react-collapsible": "1.1.2",
    "@radix-ui/react-context-menu": "2.2.4",
    "@radix-ui/react-dialog": "1.1.4",
    "@radix-ui/react-dropdown-menu": "2.1.4",
    "@radix-ui/react-hover-card": "1.1.4",
    "@radix-ui/react-label": "2.1.1",
    "@radix-ui/react-menubar": "1.1.4",
    "@radix-ui/react-navigation-menu": "1.2.3",
    "@radix-ui/react-popover": "1.1.4",
    "@radix-ui/react-progress": "1.1.1",
    "@radix-ui/react-radio-group": "1.2.2",
    "@radix-ui/react-scroll-area": "1.2.2",
    "@radix-ui/react-select": "2.1.4",
    "@radix-ui/react-separator": "1.1.1",
    "@radix-ui/react-slider": "1.2.2",
    "@radix-ui/react-slot": "1.1.1",
    "@radix-ui/react-switch": "1.1.2",
    "@radix-ui/react-tabs": "1.1.2",
    "@radix-ui/react-toast": "latest",
    "@radix-ui/react-toggle": "1.1.1",
    "@radix-ui/react-toggle-group": "1.1.1",
    "@radix-ui/react-tooltip": "1.1.6",
    "@supabase/auth-helpers-nextjs": "^0.10.0",
    "@supabase/ssr": "^0.5.1",
    "@supabase/supabase-js": "latest",
    "autoprefixer": "^10.4.20",
    "class-variance-authority": "^0.7.1",
    "cloudinary": "latest",
    "clsx": "^2.1.1",
    "cmdk": "1.0.4",
    "date-fns": "latest",
    "embla-carousel-react": "8.5.1",
    "framer-motion": "latest",
    "fs": "latest",
    "geist": "^1.3.1",
    "input-otp": "1.4.1",
    "lucide-react": "^0.454.0",
    "next": "^15.5.2",
    "next-themes": "^0.4.4",
    "openai": "latest",
    "path": "latest",
    "react": "^19",
    "react-day-picker": "^9.1.3",
    "react-dom": "^19",
    "react-hook-form": "latest",
    "react-is": "^19.1.1",
    "react-resizable-panels": "^2.1.7",
    "readline": "latest",
    "recharts": "latest",
    "sonner": "latest",
    "stripe": "latest",
    "tailwind-merge": "^2.5.5",
    "tailwindcss-animate": "^1.0.7",
    "uuid": "latest",
    "vaul": "^0.9.6",
    "ws": "latest",
    "zod": "^3.24.1"
  },
  "devDependencies": {
    "@types/node": "^22",
    "@types/react": "^19",
    "@types/react-dom": "^19",
    "dotenv": "latest",
    "pg": "^8.16.3",
    "postcss": "^8.5",
    "tailwindcss": "^3.4.17",
    "typescript": "^5"
  },
  "packageManager": "pnpm@10.15.0+sha512.486ebc259d3e999a4e8691ce03b5cac4a71cbeca39372a9b762cb500cfdf0873e2cb16abe3d951b1ee2cf012503f027b98b6584e4df22524e0c7450d9ec7aa7b"
}
